lat,mmsi,cog,lng,sog,ts,heading
36.0111465,477369900,283,120.43514,7.6,1648164435,283
36.01118525,477369900,283,120.4349292,7.6,1648164440,283
36.0112198,477369900,282.84,120.434735,7.6,1648164445,283.4
36.0112533,477369900,282.64,120.434545,7.6,1648164450,283.9
36.01129116,477369900,282.5789474,120.4343287,7.6,1648164455,284
36.01133011,477369900,282.5526316,120.4341058,7.6,1648164460,284
36.01136905,477369900,282.5263158,120.4338829,7.6,1648164465,284
36.011408,477369900,282.5,120.43366,7.6,1648164470,284
36.01144633,477369900,282.5,120.43345,7.6,1648164475,284
36.011484,477369900,282.56,120.4332441,7.59,1648164480,284
36.011519,477369900,282.86,120.4330546,7.54,1648164485,284
36.0115545,477369900,283.0833333,120.4328609,7.5,1648164490,284
36.011592,477369900,283,120.4326505,7.5,1648164495,284
36.0116295,477369900,282.9166667,120.4324401,7.5,1648164500,284
36.0116662,477369900,282.78,120.43223,7.5,1648164505,284
36.0117027,477369900,282.63,120.43202,7.5,1648164510,284
36.01174111,477369900,282.6,120.4318109,7.5,1648164515,284
36.01178,477369900,282.6,120.431602,7.5,1648164520,284
36.0118225,477369900,282.7,120.431372,7.5,1648164525,284
36.011865,477369900,282.8,120.431142,7.5,1648164530,284
36.0119035,477369900,282.85,120.4309325,7.5,1648164535,284
36.011942,477369900,282.9,120.430723,7.5,1648164540,284
36.01197962,477369900,282.8761905,120.4305144,7.5,1648164545,283.7619048
36.01201724,477369900,282.852381,120.4303059,7.5,1648164550,283.5238095
36.01205486,477369900,282.8285714,120.4300973,7.5,1648164555,283.2857143
36.01209248,477369900,282.8047619,120.4298887,7.5,1648164560,283.047619
36.012126,477369900,282.68,120.4296974,7.5,1648164565,283.4
36.0121585,477369900,282.53,120.4295104,7.5,1648164570,283.9
36.01219478,477369900,282.5444444,120.4293072,7.5,1648164575,284
36.012232,477369900,282.6,120.4291,7.5,1648164580,284
36.012271,477369900,282.5,120.4288715,7.45,1648164585,284
36.01231,477369900,282.4,120.428643,7.4,1648164590,284
36.0123475,477369900,282.45,120.4284375,7.45,1648164595,284
36.012385,477369900,282.5,120.428232,7.5,1648164600,284
36.01242278,477369900,282.8333333,120.4280253,7.444444444,1648164605,284
36.01246033,477369900,283.0833333,120.4278202,7.4,1648164610,283.9666667
36.012497,477369900,283,120.427621,7.4,1648164615,283.8
36.01253367,477369900,282.9166667,120.4274218,7.4,1648164620,283.6333333
36.01257033,477369900,282.8333333,120.4272227,7.4,1648164625,283.4666667
36.012607,477369900,282.75,120.4270235,7.4,1648164630,283.3
36.01264367,477369900,282.6666667,120.4268243,7.4,1648164635,283.1333333
36.01268091,477369900,282.5636364,120.4266198,7.4,1648164640,283.0909091
36.01272045,477369900,282.3818182,120.4263939,7.4,1648164645,283.5454545
36.01276,477369900,282.2,120.426168,7.4,1648164650,284
36.0127925,477369900,282.15,120.4259815,7.4,1648164655,284
36.012825,477369900,282.1,120.425795,7.4,1648164660,284
36.01286278,477369900,282.2666667,120.4255883,7.4,1648164665,284
36.0129005,477369900,282.45,120.4253821,7.4,1648164670,284
36.012938,477369900,282.7,120.4251775,7.4,1648164675,284
36.0129755,477369900,282.95,120.4249729,7.4,1648164680,284
36.013017,477369900,283.08,120.4247524,7.4,1648164685,284
36.0130595,477369900,283.18,120.4245279,7.4,1648164690,284
36.0130955,477369900,283.2,120.424338,7.4,1648164695,283.5
36.0131315,477369900,283.24,120.4241479,7.4,1648164700,283
36.013174,477369900,283.44,120.4239224,7.4,1648164705,283
36.01321473,477369900,283.5363636,120.4237044,7.390909091,1648164710,283
36.01324836,477369900,283.2181818,120.4235162,7.345454545,1648164715,283
36.013282,477369900,282.9,120.423328,7.3,1648164720,283
36.013321,477369900,282.45,120.4231015,7.35,1648164725,283
36.01336,477369900,282,120.422875,7.4,1648164730,283
36.01339091,477369900,282.1818182,120.4227059,7.354545455,1648164735,283
36.01342182,477369900,282.3636364,120.4225368,7.309090909,1648164740,283
36.0134636,477369900,282.6,120.422305,7.3,1648164745,283
36.0135081,477369900,282.85,120.4220575,7.3,1648164750,283
36.013546,477369900,282.75,120.421845,7.3,1648164755,283.5
36.0135822,477369900,282.62,120.4216408,7.3,1648164760,284
36.0136182,477369900,282.72,120.4214348,7.3,1648164765,284
36.01365486,477369900,282.8238095,120.4212291,7.3,1648164770,283.952381
36.01369414,477369900,282.9428571,120.4210249,7.3,1648164775,283.7142857
36.01373343,477369900,283.0619048,120.4208206,7.3,1648164780,283.4761905
36.01377271,477369900,283.1809524,120.4206163,7.3,1648164785,283.2380952
36.013812,477369900,283.3,120.420412,7.3,1648164790,283
36.0138475,477369900,283.35,120.4202285,7.3,1648164795,282.5
36.013883,477369900,283.4,120.420045,7.3,1648164800,282
36.01392345,477369900,282.9454545,120.4198223,7.3,1648164805,281.5454545
36.01396391,477369900,282.4909091,120.4195995,7.3,1648164810,281.0909091
36.01399579,477369900,281.9789474,120.4194003,7.3,1648164815,281
36.01402553,477369900,281.4526316,120.4192068,7.3,1648164820,281
36.01405526,477369900,280.9263158,120.4190134,7.3,1648164825,281
36.014085,477369900,280.4,120.41882,7.3,1648164830,281
36.014116,477369900,280.25,120.418596,7.3,1648164835,281.5
36.014147,477369900,280.1,120.418372,7.3,1648164840,282
36.0141775,477369900,280.2,120.4181685,7.3,1648164845,282
36.014208,477369900,280.3,120.417965,7.3,1648164850,282
36.0142365,477369900,280.6,120.417781,7.3,1648164855,282
36.014265,477369900,280.9,120.417597,7.3,1648164860,282
36.01429789,477369900,280.7947368,120.4173825,7.3,1648164865,281.7368421
36.01433079,477369900,280.6894737,120.4171681,7.3,1648164870,281.4736842
36.01436368,477369900,280.5842105,120.4169536,7.3,1648164875,281.2105263
36.0143957,477369900,280.57,120.4167453,7.29,1648164880,281
36.0144242,477369900,280.92,120.4165618,7.24,1648164885,281
36.01445324,477369900,281.1857143,120.4163743,7.2,1648164890,281
36.01448443,477369900,281.1142857,120.4161707,7.2,1648164895,281
36.01451562,477369900,281.0428571,120.4159671,7.2,1648164900,281
36.01454681,477369900,280.9714286,120.4157636,7.2,1648164905,281
36.014578,477369900,280.9,120.41556,7.2,1648164910,281
36.014614,477369900,281,120.4153365,7.2,1648164915,281
36.01465,477369900,281.1,120.415113,7.2,1648164920,281
36.0146765,477369900,280.9,120.4149305,7.2,1648164925,281
36.014703,477369900,280.7,120.414748,7.2,1648164930,281
36.01473425,477369900,280.6,120.414534,7.2,1648164935,281
36.0147655,477369900,280.5,120.41432,7.2,1648164940,281
36.01479675,477369900,280.4,120.414106,7.2,1648164945,281
36.014828,477369900,280.3,120.413892,7.2,1648164950,281
36.0148555,477369900,280.05,120.4136885,7.2,1648164955,281
36.014883,477369900,279.8,120.413485,7.2,1648164960,281
36.0149075,477369900,279.65,120.4133025,7.2,1648164965,281.5
36.014932,477369900,279.5,120.41312,7.2,1648164970,282
36.014962,477369900,279.65,120.412896,7.2,1648164975,282
36.014992,477369900,279.8,120.412672,7.2,1648164980,282
36.015015,477369900,279.8,120.4125085,7.2,1648164985,282
36.015038,477369900,279.8,120.412345,7.2,1648164990,282
36.0150705,477369900,280.3,120.41212,7.2,1648164995,282
36.015103,477369900,280.8,120.411895,7.2,1648165000,282
36.01513911,477369900,280.8555556,120.4116461,7.2,1648165005,282
36.0151734,477369900,280.9,120.4114101,7.2,1648165010,282
36.0152004,477369900,280.9,120.4112256,7.2,1648165015,282
36.01522745,477369900,280.8818182,120.4110411,7.2,1648165020,281.9090909
36.01525473,477369900,280.7909091,120.4108565,7.2,1648165025,281.4545455
36.015282,477369900,280.7,120.410672,7.2,1648165030,281
36.0153115,477369900,280.6,120.4104683,7.2,1648165035,281
36.015341,477369900,280.5,120.4102645,7.2,1648165040,281
36.0153705,477369900,280.4,120.4100608,7.2,1648165045,281
36.0154,477369900,280.3,120.409857,7.2,1648165050,281
36.015429,477369900,280.35,120.4096525,7.2,1648165055,281
36.015458,477369900,280.4,120.409448,7.2,1648165060,281
36.015489,477369900,280.35,120.409223,7.2,1648165065,281
36.01552,477369900,280.3,120.408998,7.2,1648165070,281
36.01554889,477369900,280.1333333,120.4087963,7.2,1648165075,281
36.01557709,477369900,280.0181818,120.408598,7.2,1648165080,281.0909091
36.01560255,477369900,280.1090909,120.408413,7.2,1648165085,281.5454545
36.015628,477369900,280.2,120.408228,7.2,1648165090,282
36.015659,477369900,280.25,120.408004,7.2,1648165095,282
36.01569,477369900,280.3,120.40778,7.2,1648165100,282
36.0157115,477369900,280.25,120.4076165,7.2,1648165105,281.5
36.015733,477369900,280.2,120.407453,7.2,1648165110,281
36.0157625,477369900,280.15,120.4072515,7.2,1648165115,281
36.015792,477369900,280.1,120.40705,7.2,1648165120,281
36.01582174,477369900,280.0736842,120.406835,7.2,1648165125,281
36.01585147,477369900,280.0473684,120.40662,7.2,1648165130,281
36.01588121,477369900,280.0210526,120.406405,7.2,1648165135,281
36.01591073,477369900,279.9636364,120.4061885,7.2,1648165140,281
36.01593936,477369900,279.7818182,120.4059657,7.2,1648165145,281
36.015968,477369900,279.6,120.405743,7.2,1648165150,281
36.015993,477369900,279.55,120.40556,7.2,1648165155,281.5
36.016018,477369900,279.5,120.405377,7.2,1648165160,282
36.0160455,477369900,279.65,120.4051725,7.2,1648165165,282
36.016073,477369900,279.8,120.404968,7.2,1648165170,282
36.016104,477369900,279.85,120.404745,7.2,1648165175,282
36.016135,477369900,279.9,120.404522,7.2,1648165180,282
36.0161635,477369900,280.15,120.4043195,7.2,1648165185,282
36.016192,477369900,280.4,120.404117,7.2,1648165190,282
36.01622144,477369900,280.4555556,120.4039142,7.2,1648165195,282
36.01625,477369900,280.4909091,120.4037105,7.2,1648165200,282
36.016275,477369900,280.4454545,120.4035027,7.2,1648165205,282
36.0163,477369900,280.4,120.403295,7.2,1648165210,282
36.0163235,477369900,280.5,120.403111,7.2,1648165215,282
36.016347,477369900,280.6,120.402927,7.2,1648165220,282
36.0163825,477369900,280.65,120.402725,7.2,1648165225,282
36.016418,477369900,280.7,120.402523,7.2,1648165230,282
36.0164555,477369900,280.55,120.402319,7.2,1648165235,281.5
36.016493,477369900,280.4,120.402115,7.2,1648165240,281
36.01653,477369900,280.25,120.40191,7.2,1648165245,281
36.016567,477369900,280.1,120.401705,7.2,1648165250,281
36.016602,477369900,279.9333333,120.401455,7.2,1648165255,281.5555556
36.01663527,477369900,279.8181818,120.401218,7.2,1648165260,282
36.01666164,477369900,279.9090909,120.401033,7.2,1648165265,282
36.016688,477369900,280,120.400848,7.2,1648165270,282
36.016714,477369900,280.25,120.4006665,7.2,1648165275,282
36.01674,477369900,280.5,120.400485,7.2,1648165280,282
36.0167735,477369900,280.7,120.4002625,7.2,1648165285,282
36.016807,477369900,280.9,120.40004,7.2,1648165290,282
36.016837,477369900,280.95,120.3998365,7.2,1648165295,282
36.016867,477369900,281,120.399633,7.2,1648165300,282
36.0168925,477369900,281,120.3994505,7.2,1648165305,281.5
36.016918,477369900,281,120.399268,7.2,1648165310,281
36.01695411,477369900,280.9444444,120.399023,7.2,1648165315,281
36.01698818,477369900,280.8727273,120.3987903,7.2,1648165320,281
36.01701409,477369900,280.7363636,120.3986066,7.2,1648165325,281
36.01704,477369900,280.6,120.398423,7.2,1648165330,281
36.017066,477369900,280.45,120.3982425,7.15,1648165335,281
36.017092,477369900,280.3,120.398062,7.1,1648165340,281
36.017127,477369900,280.55,120.39784,7.15,1648165345,281
36.017162,477369900,280.8,120.397618,7.2,1648165350,281
36.01719225,477369900,280.6,120.397416,7.2,1648165355,280.5
36.0172225,477369900,280.4,120.397214,7.2,1648165360,280
36.01725275,477369900,280.2,120.397012,7.2,1648165365,279.5
36.017283,477369900,280,120.39681,7.2,1648165370,279
36.01730911,477369900,279.4444444,120.3966083,7.2,1648165375,279
36.0173352,477369900,279,120.3964063,7.2,1648165380,279
36.0173612,477369900,279,120.3962028,7.2,1648165385,279
36.01738682,477369900,278.9818182,120.3959995,7.2,1648165390,279.0909091
36.01741091,477369900,278.8909091,120.3957973,7.2,1648165395,279.5454545
36.017435,477369900,278.8,120.395595,7.2,1648165400,280
36.0174565,477369900,278.85,120.3954135,7.2,1648165405,280
36.017478,477369900,278.9,120.395232,7.2,1648165410,280
36.017503,477369900,279.05,120.3950285,7.2,1648165415,280
36.017528,477369900,279.2,120.394825,7.2,1648165420,280
36.0175555,477369900,279.15,120.3946015,7.2,1648165425,280
36.017583,477369900,279.1,120.394378,7.2,1648165430,280
36.01760744,477369900,279.1,120.3941747,7.2,1648165435,280
36.017632,477369900,279.09,120.3939711,7.2,1648165440,279.9
36.017657,477369900,279.04,120.3937666,7.2,1648165445,279.4
36.0176823,477369900,278.95,120.3935584,7.2,1648165450,279
36.0177088,477369900,278.7,120.3933354,7.2,1648165455,279
36.01773382,477369900,278.4727273,120.3931239,7.2,1648165460,279.0909091
36.01775291,477369900,278.3363636,120.3929585,7.2,1648165465,279.5454545
36.017772,477369900,278.2,120.392793,7.2,1648165470,280
36.017797,477369900,278.5,120.3925905,7.2,1648165475,280
36.017822,477369900,278.8,120.392388,7.2,1648165480,280
36.017847,477369900,278.75,120.392185,7.2,1648165485,280
36.017872,477369900,278.7,120.391982,7.2,1648165490,280
36.017902,477369900,278.95,120.3917295,7.2,1648165495,279.375
36.01792945,477369900,279.0090909,120.3914975,7.2,1648165500,279
36.01795309,477369900,278.7818182,120.3912961,7.2,1648165505,279
36.017976,477369900,278.575,120.391101,7.2,1648165510,279
36.017996,477369900,278.45,120.390931,7.2,1648165515,279
36.018016,477369900,278.325,120.390761,7.2,1648165520,279
36.01804356,477369900,278.3444444,120.3905283,7.2,1648165525,279
36.018073,477369900,278.4,120.39028,7.2,1648165530,279
36.0180955,477369900,278.6,120.3900975,7.2,1648165535,279
36.018118,477369900,278.8,120.389915,7.2,1648165540,279
36.018143,477369900,278.95,120.3897125,7.2,1648165545,279
36.018168,477369900,279.1,120.38951,7.2,1648165550,279
36.018193,477369900,278.9888889,120.3893072,7.2,1648165555,279
36.01821755,477369900,278.8727273,120.3891044,7.2,1648165560,279
36.01824027,477369900,278.7363636,120.3889012,7.2,1648165565,279
36.018263,477369900,278.6,120.388698,7.2,1648165570,279
36.01828775,477369900,278.55,120.388484,7.2,1648165575,279
36.0183125,477369900,278.5,120.38827,7.2,1648165580,279
36.01833725,477369900,278.45,120.388056,7.2,1648165585,279
36.018362,477369900,278.4,120.387842,7.2,1648165590,279
36.01838245,477369900,278.5818182,120.3876761,7.154545455,1648165595,279
36.01840291,477369900,278.7636364,120.3875102,7.109090909,1648165600,279
36.01842744,477369900,278.5777778,120.387297,7.144444444,1648165605,279
36.018453,477369900,278.3,120.387072,7.2,1648165610,279
36.018478,477369900,278.5368421,120.3868688,7.2,1648165615,279
36.018503,477369900,278.7736842,120.3866657,7.2,1648165620,279
36.018528,477369900,279.0105263,120.3864625,7.2,1648165625,279
36.01855255,477369900,279.1636364,120.3862632,7.2,1648165630,279
36.01857527,477369900,278.9818182,120.3860791,7.2,1648165635,279
36.018598,477369900,278.8,120.385895,7.2,1648165640,279
36.018623,477369900,278.6,120.385671,7.2,1648165645,279
36.018648,477369900,278.4,120.385447,7.2,1648165650,279
36.018673,477369900,278.55,120.3852435,7.2,1648165655,279
36.018698,477369900,278.7,120.38504,7.2,1648165660,279
36.01872255,477369900,278.6090909,120.3848368,7.2,1648165665,279
36.01874709,477369900,278.5181818,120.3846336,7.2,1648165670,279
36.01876971,477369900,278.4428571,120.3844313,7.2,1648165675,279
36.01879223,477369900,278.4923077,120.3842357,7.2,1648165680,279
36.01881531,477369900,278.7230769,120.3840499,7.2,1648165685,279
36.01883838,477369900,278.9538462,120.3838642,7.2,1648165690,279
36.01886389,477369900,279.0444444,120.3836661,7.2,1648165695,279
36.01889,477369900,279.1,120.383465,7.2,1648165700,279
36.0189185,477369900,279.25,120.3832425,7.2,1648165705,279
36.018947,477369900,279.4,120.38302,7.2,1648165710,279
36.01896973,477369900,279.3545455,120.3828368,7.154545455,1648165715,279
36.01899245,477369900,279.3090909,120.3826536,7.109090909,1648165720,279
36.0190174,477369900,279.22,120.382455,7.1,1648165725,279
36.0190429,477369900,279.12,120.3822525,7.1,1648165730,279
36.019069,477369900,279.1,120.38205,7.1,1648165735,279
36.01909558,477369900,279.075,120.3818438,7.108333333,1648165740,279
36.0191235,477369900,278.95,120.381623,7.15,1648165745,279
36.01915142,477369900,278.825,120.3814022,7.191666667,1648165750,279
36.01917611,477369900,278.6222222,120.3811958,7.2,1648165755,279
36.0192,477369900,278.4,120.380993,7.2,1648165760,279
36.019226,477369900,278.9,120.3807905,7.15,1648165765,279
36.019252,477369900,279.4,120.380588,7.1,1648165770,279
36.019277,477369900,279.2636364,120.3803866,7.1,1648165775,279
36.019302,477369900,279.1272727,120.3801853,7.1,1648165780,279
36.0193274,477369900,278.9,120.3799818,7.1,1648165785,279
36.0193529,477369900,278.65,120.3797778,7.1,1648165790,279
36.0193775,477369900,278.5,120.3795735,7.1,1648165795,279
36.01940208,477369900,278.4666667,120.3793698,7.1,1648165800,279
36.0194275,477369900,278.8,120.379169,7.1,1648165805,279
36.01945292,477369900,279.1333333,120.3789682,7.1,1648165810,279
36.019478,477369900,279.2444444,120.3787667,7.1,1648165815,279.4444444
36.019503,477369900,279.3,120.378565,7.1,1648165820,280
36.019528,477369900,279.35,120.3783625,7.1,1648165825,280
36.019553,477369900,279.4,120.37816,7.1,1648165830,280
36.01957982,477369900,279.3090909,120.3779577,7.1,1648165835,280
36.01960664,477369900,279.2181818,120.3777555,7.1,1648165840,280
36.019632,477369900,279.08,120.3775522,7.1,1648165845,280
36.019657,477369900,278.93,120.3773487,7.1,1648165850,280
36.0196835,477369900,279.25,120.3771465,7.1,1648165855,280.5
36.01971067,477369900,279.6416667,120.3769446,7.1,1648165860,281
36.019739,477369900,279.85,120.3767425,7.1,1648165865,281
36.01976733,477369900,280.0583333,120.3765404,7.1,1648165870,281
36.01979256,477369900,280.1,120.3763564,7.1,1648165875,281
36.019817,477369900,280.1,120.376177,7.1,1648165880,281
36.0198525,477369900,280.45,120.375936,7.1,1648165885,281
36.019888,477369900,280.8,120.375695,7.1,1648165890,281
36.019914,477369900,280.8,120.3755135,7.1,1648165895,281
36.01994,477369900,280.8,120.375332,7.1,1648165900,281
36.01997,477369900,280.9,120.3751325,7.1,1648165905,280.5
36.02,477369900,281,120.374933,7.1,1648165910,280
36.0200265,477369900,280.9,120.3747525,7.1,1648165915,280
36.020053,477369900,280.8,120.374572,7.1,1648165920,280
36.02008436,477369900,280.7545455,120.3743538,7.1,1648165925,280
36.02011573,477369900,280.7090909,120.3741356,7.1,1648165930,280
36.02014368,477369900,280.5315789,120.3739404,7.1,1648165935,280
36.02017079,477369900,280.3210526,120.3737509,7.1,1648165940,280
36.02019789,477369900,280.1105263,120.3735615,7.1,1648165945,280
36.020225,477369900,279.9,120.373372,7.1,1648165950,280
36.020255,477369900,279.8,120.37315,7.1,1648165955,280
36.020285,477369900,279.7,120.372928,7.1,1648165960,280
36.02031091,477369900,279.6545455,120.372748,7.1,1648165965,280
36.02033682,477369900,279.6090909,120.372568,7.1,1648165970,280
36.02036333,477369900,279.5555556,120.372372,7.1,1648165975,280
36.02039,477369900,279.5,120.372172,7.1,1648165980,280
36.02041636,477369900,279.7727273,120.371972,7.1,1648165985,280
36.02044273,477369900,280.0454545,120.371772,7.1,1648165990,280
36.020474,477369900,280.1,120.3715525,7.1,1648165995,280
36.02050455,477369900,280.1090909,120.3713405,7.1,1648166000,280
36.02052727,477369900,280.1545455,120.3711777,7.1,1648166005,280
36.02055,477369900,280.2,120.371015,7.1,1648166010,280
36.0205815,477369900,280.05,120.370776,7.1,1648166015,280
36.020613,477369900,279.9,120.370537,7.1,1648166020,280
36.02064027,477369900,279.6272727,120.3703352,7.1,1648166025,280
36.02066755,477369900,279.3545455,120.3701334,7.1,1648166030,280
36.02069478,477369900,279.3,120.3699339,7.1,1648166035,280
36.020722,477369900,279.3,120.369735,7.1,1648166040,280
36.020747,477369900,279.2545455,120.3695523,7.1,1648166045,280
36.020772,477369900,279.2090909,120.3693695,7.1,1648166050,280
36.02079967,477369900,279.4222222,120.3691726,7.1,1648166055,280
36.020828,477369900,279.7,120.368972,7.1,1648166060,280
36.020859,477369900,279.8,120.368751,7.1,1648166065,280
36.02089,477369900,279.9,120.36853,7.1,1648166070,280
36.020916,477369900,279.55,120.3683325,7.1,1648166075,280
36.020942,477369900,279.2,120.368135,7.1,1648166080,280
36.02096836,477369900,279.2454545,120.3679336,7.1,1648166085,280
36.02099473,477369900,279.2909091,120.3677323,7.1,1648166090,280
36.02102133,477369900,279.3888889,120.3675267,7.1,1648166095,280
36.021048,477369900,279.5,120.36732,7.1,1648166100,280
36.02107164,477369900,279.4090909,120.3671359,7.1,1648166105,280
36.02109527,477369900,279.3181818,120.3669518,7.1,1648166110,280
36.02112,477369900,279.26,120.3667558,7.1,1648166115,280
36.021145,477369900,279.21,120.3665568,7.1,1648166120,280
36.02117311,477369900,279.2,120.3663392,7.1,1648166125,280
36.021202,477369900,279.2,120.366117,7.1,1648166130,280
36.02123,477369900,279.35,120.365897,7.1,1648166135,280
36.021258,477369900,279.5,120.365677,7.1,1648166140,280
36.02127936,477369900,279.4090909,120.3655111,7.054545455,1648166145,280
36.02130073,477369900,279.3181818,120.3653452,7.009090909,1648166150,280
36.02132722,477369900,279.2111111,120.3651342,7,1648166155,280
36.021355,477369900,279.1,120.364912,7,1648166160,280
36.02138091,477369900,279.1,120.364712,7.045454545,1648166165,280
36.02140682,477369900,279.1,120.364512,7.090909091,1648166170,280
36.0214304,477369900,279.22,120.3643292,7.06,1648166175,280
36.0214534,477369900,279.37,120.3641507,7.01,1648166180,280
36.021482,477369900,279.5333333,120.3639363,7,1648166185,280
36.021512,477369900,279.7,120.363713,7,1648166190,280
36.021537,477369900,279.4272727,120.3635148,7,1648166195,280
36.021562,477369900,279.1545455,120.3633166,7,1648166200,280
36.0215854,477369900,279.02,120.363133,7,1648166205,280
36.0216084,477369900,278.92,120.362953,7,1648166210,280
36.021637,477369900,278.7666667,120.3627383,7,1648166215,280
36.021667,477369900,278.6,120.362515,7,1648166220,280
36.021692,477369900,278.7818182,120.3623173,7,1648166225,280
36.021717,477369900,278.9636364,120.3621195,7,1648166230,280
36.0217364,477369900,278.92,120.361952,7.04,1648166235,280
36.00411127,209203000,282.1272727,120.4642516,11.1,1648164435,283
36.00416133,209203000,282.2111111,120.4639641,11.11111111,1648164440,283
36.004228,209203000,282.2666667,120.4636447,11.16666667,1648164445,283
36.00429289,209203000,282.0777778,120.4633141,11.2,1648164450,283
36.00435511,209203000,281.5222222,120.4629669,11.2,1648164455,283
36.00440538,209203000,281.2538462,120.4626547,11.22307692,1648164460,283
36.00444769,209203000,281.1769231,120.4623658,11.26153846,1648164465,283
36.00449,209203000,281.1,120.462077,11.3,1648164470,283
36.00454167,209203000,281.7666667,120.4617553,11.35555556,1648164475,283
36.00459267,209203000,282.1444444,120.4614347,11.4,1648164480,283
36.004641,209203000,281.3666667,120.461118,11.4,1648164485,283
36.00468633,209203000,281,120.4608125,11.41666667,1648164490,283
36.00472717,209203000,281.25,120.4605238,11.45833333,1648164495,283
36.004768,209203000,281.5,120.460235,11.5,1648164500,283
36.00482238,209203000,281.125,120.4599113,11.375,1648164505,283
36.0048854,209203000,281.06,120.459559,11.34,1648164510,283
36.0049614,209203000,281.46,120.459164,11.44,1648164515,283
36.005025,209203000,281.9666667,120.45881,11.51666667,1648164520,283
36.00507,209203000,282.6333333,120.4585175,11.55833333,1648164525,283
36.005115,209203000,283.3,120.458225,11.6,1648164530,283
36.0051625,209203000,283.65,120.4579065,11.6,1648164535,283
36.00521,209203000,284,120.457588,11.6,1648164540,283
36.00526,209203000,283.7777778,120.4572652,11.6,1648164545,283
36.00531109,209203000,283.4,120.4569421,11.60909091,1648164550,283
36.00536655,209203000,282.4,120.4566175,11.65454545,1648164555,283
36.005422,209203000,281.4,120.456293,11.7,1648164560,283
36.00547513,209203000,281.4,120.4559661,11.7,1648164565,283
36.00552917,209203000,281.4333333,120.4556395,11.7,1648164570,283
36.00558458,209203000,281.5166667,120.4553133,11.7,1648164575,283
36.00564,209203000,281.6,120.454987,11.7,1648164580,283
36.005696,209203000,281.4,120.4546595,11.7,1648164585,283
36.005752,209203000,281.2,120.454332,11.7,1648164590,283
36.00582144,209203000,282.7,120.4539614,11.75555556,1648164595,283
36.0058881,209203000,283.84,120.4536053,11.8,1648164600,283
36.0059436,209203000,283.54,120.4533068,11.8,1648164605,283
36.00599882,209203000,283.1,120.4530084,11.8,1648164610,283
36.00605291,209203000,282.1,120.4527102,11.8,1648164615,283
36.006107,209203000,281.1,120.452412,11.8,1648164620,283
36.00617138,209203000,282.0375,120.4520408,11.8625,1648164625,283
36.00623083,209203000,282.4,120.4516962,11.9,1648164630,282.8333333
36.00628292,209203000,281.9,120.4513916,11.9,1648164635,282.4166667
36.006335,209203000,281.4,120.451087,11.9,1648164640,282
36.006389,209203000,280.9,120.4507485,11.9,1648164645,282
36.006443,209203000,280.4,120.45041,11.9,1648164650,282
36.00651244,209203000,280.4,120.4500267,11.95555556,1648164655,282
36.0065775,209203000,280.55,120.4496603,12,1648164660,282
36.006625,209203000,281.3,120.4493618,12,1648164665,282
36.00667391,209203000,281.8090909,120.4490514,11.99090909,1648164670,281.9090909
36.00672845,209203000,281.3545455,120.4486932,11.94545455,1648164675,281.4545455
36.006783,209203000,280.9,120.448335,11.9,1648164680,281
36.00682988,209203000,281.7125,120.4480088,11.9,1648164685,281
36.00688164,209203000,281.8181818,120.4476661,11.88181818,1648164690,281
36.00694073,209203000,280.8636364,120.4472988,11.83636364,1648164695,281
36.00699745,209203000,280.0363636,120.4469439,11.80909091,1648164700,281
36.00704473,209203000,279.7181818,120.4466385,11.85454545,1648164705,281
36.007092,209203000,279.4,120.446333,11.9,1648164710,281
36.007142,209203000,279.4789474,120.4459985,11.92631579,1648164715,281
36.007192,209203000,279.5578947,120.4456641,11.95263158,1648164720,281
36.007242,209203000,279.6368421,120.4453296,11.97894737,1648164725,281
36.00729178,209203000,279.7,120.4449949,12.01111111,1648164730,281
36.00734067,209203000,279.7,120.4446593,12.06666667,1648164735,281
36.007389,209203000,279.62,120.4443228,12.08,1648164740,281
36.0074365,209203000,279.42,120.4439848,12.03,1648164745,281
36.007485,209203000,279.35,120.4436462,12,1648164750,281
36.007535,209203000,279.475,120.4433066,12,1648164755,281
36.007585,209203000,279.6,120.442967,12,1648164760,281
36.00763813,209203000,280.6,120.4426264,12,1648164765,281
36.00769036,209203000,280.9454545,120.4422856,12,1648164770,281
36.00774127,209203000,280.3090909,120.4419447,12,1648164775,281
36.00779018,209203000,279.8,120.4416103,12,1648164780,281
36.00783109,209203000,279.8,120.4413016,12,1648164785,281
36.007872,209203000,279.8,120.440993,12,1648164790,281
36.007922,209203000,279.175,120.440613,12.0625,1648164795,281
36.0079672,209203000,278.48,120.4402644,12.1,1648164800,281
36.0080052,209203000,277.68,120.4399629,12.1,1648164805,281
36.00804564,209203000,277.5636364,120.439634,12.13636364,1648164810,281
36.00808973,209203000,278.4727273,120.439264,12.22727273,1648164815,281
36.00813522,209203000,279.2666667,120.4388916,12.31111111,1648164820,281
36.00818633,209203000,279.6,120.4385093,12.36666667,1648164825,281
36.0082366,209203000,279.74,120.4381386,12.44,1648164830,281
36.0082856,209203000,279.59,120.4377851,12.54,1648164835,281
36.00833864,209203000,279.7727273,120.4374283,12.63636364,1648164840,281
36.00839773,209203000,280.4545455,120.4370665,12.72727273,1648164845,281
36.00845663,209203000,280.8875,120.436704,12.8,1648164850,281
36.00851475,209203000,280.325,120.436339,12.8,1648164855,281
36.00856773,209203000,280.0454545,120.435995,12.85454545,1648164860,281
36.00861727,209203000,279.9545455,120.435665,12.94545455,1648164865,281
36.00866783,209203000,280,120.4353213,13.03333333,1648164870,281
36.00871992,209203000,280.25,120.4349572,13.11666667,1648164875,281
36.008772,209203000,280.5,120.434593,13.2,1648164880,281
36.008822,209203000,280,120.4342274,13.1375,1648164885,281
36.008872,209203000,279.5,120.433861,13.14,1648164890,281
36.008922,209203000,279,120.4334935,13.24,1648164895,281
36.008973,209203000,278.7833333,120.4331242,13.33333333,1648164900,281
36.0090255,209203000,278.9916667,120.4327521,13.41666667,1648164905,281
36.009078,209203000,279.2,120.43238,13.5,1648164910,281
36.00913238,209203000,279.2,120.4320038,13.5,1648164915,281
36.00918944,209203000,279.2888889,120.4316091,13.54444444,1648164920,281
36.00925056,209203000,279.5111111,120.4311869,13.65555556,1648164925,281
36.00930269,209203000,279.7153846,120.4308242,13.7,1648164930,281
36.00934885,209203000,279.9076923,120.4305011,13.7,1648164935,281
36.009395,209203000,280.1,120.430178,13.7,1648164940,281
36.0094575,209203000,280.1625,120.4297449,13.7,1648164945,281
36.00951944,209203000,280.2222222,120.4293132,13.74444444,1648164950,281
36.00958056,209203000,280.2777778,120.4288838,13.85555556,1648164955,281
36.00963223,209203000,280.3692308,120.4285154,13.9,1648164960,281
36.00967762,209203000,280.4846154,120.4281877,13.9,1648164965,281
36.009723,209203000,280.6,120.42786,13.9,1648164970,281
36.00977738,209203000,281.1,120.4274706,13.9625,1648164975,281
36.0098375,209203000,280.35,120.427042,14,1648164980,281
36.0099058,209203000,279.84,120.4265626,14,1648164985,280.4
36.009963,209203000,279.7285714,120.426169,14.04285714,1648164990,280
36.01001775,209203000,279.325,120.4257973,14.075,1648164995,280
36.010082,209203000,279.7833333,120.4253522,14.01666667,1648165000,280
36.010127,209203000,278.7,120.425023,14.1,1648165005,280
36.010188,209203000,279.6333333,120.4245737,14.06666667,1648165010,280
36.01023767,209203000,279.2333333,120.4242027,14.13333333,1648165015,280
36.01029533,209203000,279.2,120.4237797,14.13333333,1648165020,280
36.010342,209203000,279.05,120.4234355,14.2,1648165025,280
36.010392,209203000,280.3,120.423038,14.2,1648165030,280
36.01043617,209203000,279.05,120.4226413,14.2,1648165035,280
36.010487,209203000,278.4666667,120.4222427,14.26666667,1648165040,280
36.010535,209203000,279.26,120.4218394,14.24,1648165045,280
36.01057957,209203000,279.1714286,120.4214696,14.28571429,1648165050,280
36.0106274,209203000,278.54,120.4210958,14.4,1648165055,279.8
36.01068783,209203000,279.6,120.4206255,14.36666667,1648165060,279
36.010742,209203000,278.1,120.420218,14.2,1648165065,279
36.010797,209203000,279.7666667,120.419813,14.28333333,1648165070,279
36.01084933,209203000,280.1,120.419406,14.3,1648165075,279
36.01089914,209203000,279.1142857,120.4190009,14.34285714,1648165080,279
36.01094533,209203000,277.75,120.4186108,14.38333333,1648165085,279
36.010982,209203000,277.5,120.418275,14.3,1648165090,279
36.01102617,209203000,276.9166667,120.4178042,14.3,1648165095,279.8333333
36.01106967,209203000,277.4666667,120.4173867,14.36666667,1648165100,280
36.0111116,209203000,278.7,120.4169808,14.4,1648165105,280
36.0111555,209203000,278.65,120.4165755,14.4,1648165110,280
36.011203,209203000,278.0333333,120.4161703,14.43333333,1648165115,280
36.011255,209203000,278.34,120.4157466,14.5,1648165120,280
36.01131329,209203000,279.2142857,120.4152714,14.5,1648165125,279.8571429
36.01136471,209203000,278.7857143,120.4148636,14.5,1648165130,279.1428571
36.01141633,209203000,278.3,120.414456,14.5,1648165135,279
36.011461,209203000,278.5285714,120.414083,14.45714286,1648165140,279
36.01150217,209203000,278.8333333,120.4137222,14.4,1648165145,279
36.011548,209203000,277.5,120.413318,14.4,1648165150,279
36.011598,209203000,278.3333333,120.4129113,14.56666667,1648165155,279
36.01164682,209203000,278.6882353,120.4124846,14.57647059,1648165160,279
36.01169535,209203000,278.9235294,120.4120528,14.54705882,1648165165,279
36.01174388,209203000,279.1588235,120.4116211,14.51764706,1648165170,279
36.011787,209203000,278.5,120.411227,14.5,1648165175,279
36.011825,209203000,276.9833333,120.410875,14.5,1648165180,279
36.011875,209203000,277.4,120.410465,14.5,1648165185,279
36.01192333,209203000,279.4,120.4100508,14.5,1648165190,278.1666667
36.011973,209203000,277.6666667,120.409638,14.5,1648165195,278
36.01202514,209203000,277.1142857,120.4092274,14.5,1648165200,278
36.0120764,209203000,278.1,120.4088014,14.5,1648165205,278
36.01211883,209203000,278.6333333,120.4083253,14.48333333,1648165210,278
36.012163,209203000,275.3,120.407917,14.4,1648165215,278
36.01220229,209203000,277.0857143,120.4075599,14.54285714,1648165220,278
36.0122432,209203000,277.02,120.4071668,14.6,1648165225,278
36.01228486,209203000,276.1142857,120.406787,14.51428571,1648165230,278
36.0123284,209203000,275.9,120.406402,14.44,1648165235,278
36.01237967,209203000,277.2333333,120.4059128,14.58333333,1648165240,278
36.012428,209203000,277.9,120.405487,14.5,1648165245,278
36.01247133,209203000,276.3166667,120.4050687,14.58333333,1648165250,278
36.01251333,209203000,277.4,120.4046583,14.66666667,1648165255,277.3333333
36.01255,209203000,277.5,120.404204,14.65,1648165260,277
36.012584,209203000,276.8,120.403776,14.6,1648165265,277
36.01261914,209203000,276.8285714,120.4034199,14.58571429,1648165270,277
36.01265486,209203000,277.9714286,120.4030091,14.51428571,1648165275,277
36.01268867,209203000,276.1333333,120.4025943,14.56666667,1648165280,277
36.012732,209203000,275.76,120.402137,14.54,1648165285,277
36.0127735,209203000,275.7,120.401699,14.55,1648165290,277
36.01281233,209203000,275.5,120.4012907,14.56666667,1648165295,277
36.0128525,209203000,276.1166667,120.4008937,14.51666667,1648165300,277
36.01288,209203000,276.2,120.400552,14.6,1648165305,277
36.01291214,209203000,275.1285714,120.4001399,14.6,1648165310,277
36.0129442,209203000,275.54,120.399729,14.6,1648165315,277
36.01297457,209203000,275.8857143,120.3993177,14.6,1648165320,277
36.01300583,209203000,275.4666667,120.398907,14.58333333,1648165325,277
36.013045,209203000,274.8,120.398502,14.5,1648165330,277
36.01307833,209203000,275.3,120.3980937,14.41666667,1648165335,277
36.013115,209203000,275.4666667,120.397686,14.6,1648165340,277.6666667
36.0131492,209203000,275.44,120.397277,14.52,1648165345,278
36.01318257,209203000,275.4428571,120.3969026,14.52857143,1648165350,278
36.01321845,209203000,275.5454545,120.3965323,14.66363636,1648165355,278
36.01326073,209203000,275.7727273,120.3960836,14.48181818,1648165360,278
36.013303,209203000,276,120.395635,14.3,1648165365,278
36.01334014,209203000,276.1428571,120.3952207,14.37142857,1648165370,278
36.0133775,209203000,276.35,120.394806,14.5,1648165375,278
36.013418,209203000,276.26,120.3943582,14.64,1648165380,278
36.01345833,209203000,276.1,120.3939207,14.63333333,1648165385,278
36.01349257,209203000,276.5,120.3935586,14.5,1648165390,278.1428571
36.01353043,209203000,276.5,120.3931414,14.5,1648165395,278.8571429
36.01357133,209203000,276.5,120.392728,14.63333333,1648165400,279
36.013612,209203000,276.2,120.3923134,14.46,1648165405,279
36.013653,209203000,275.8,120.3918985,14.45,1648165410,279
36.013693,209203000,276.2666667,120.3914843,14.63333333,1648165415,279.3333333
36.01373117,209203000,277.4666667,120.39107,14.66666667,1648165420,280
36.013772,209203000,276.8,120.390655,14.5,1648165425,280
36.01382557,209203000,276.9428571,120.3901814,14.42857143,1648165430,280.7142857
36.0138675,209203000,277.5,120.3897845,14.55,1648165435,281
36.0139175,209203000,277.45,120.38933,14.7,1648165440,281.5
36.01397271,209203000,278.0142857,120.3888696,14.57142857,1648165445,282
36.014016,209203000,279.6142857,120.3885147,14.41428571,1648165450,282
36.014061,209203000,280.1857143,120.3881633,14.48571429,1648165455,282
36.01412133,209203000,280.2333333,120.3877643,14.43333333,1648165460,282
36.0141866,209203000,279.78,120.387306,14.52,1648165465,282
36.0142455,209203000,279.25,120.3868615,14.6,1648165470,282
36.01429633,209203000,279.1,120.386481,14.56666667,1648165475,282.3333333
36.0143494,209203000,279.58,120.386104,14.5,1648165480,283
36.01442538,209203000,280.7125,120.385592,14.4875,1648165485,283
36.01447725,209203000,280.775,120.385292,14.425,1648165490,283
36.0145442,209203000,280.56,120.3848798,14.4,1648165495,283
36.0146212,209203000,280.82,120.3843898,14.46,1648165500,283
36.014682,209203000,281.4,120.3840093,14.5,1648165505,283
36.014732,209203000,281.9,120.383703,14.5,1648165510,283
36.014803,209203000,281.7,120.383295,14.6,1648165515,283
36.01487229,209203000,282.0571429,120.3828864,14.52857143,1648165520,283
36.0149402,209203000,281.48,120.3824782,14.56,1648165525,283
36.015006,209203000,280.5285714,120.3820716,14.55714286,1648165530,283
36.01507083,209203000,280.25,120.3816658,14.48333333,1648165535,283
36.015135,209203000,282,120.38126,14.4,1648165540,283
36.01519167,209203000,281.8333333,120.3809242,14.31666667,1648165545,283
36.01525867,209203000,281.6666667,120.3805373,14.23333333,1648165550,283
36.01532825,209203000,281.5,120.3801378,14.15,1648165555,283
36.015409,209203000,280.65,120.379659,14.1,1648165560,283
36.01547988,209203000,280.125,120.3792111,14.025,1648165565,283
36.015533,209203000,280.5,120.378863,13.9,1648165570,283
36.01558467,209203000,281.4166667,120.3785355,13.98333333,1648165575,283.8333333
36.01565633,209203000,281.7333333,120.3781087,13.86666667,1648165580,284
36.0157356,209203000,282.22,120.377652,13.74,1648165585,283.4
36.01580314,209203000,281.9428571,120.377273,13.57142857,1648165590,283
36.015862,209203000,281.2,120.3769372,13.38333333,1648165595,283
36.015922,209203000,281.2,120.376558,13.3,1648165600,283
36.016,209203000,280.8,120.376108,13.2,1648165605,283
36.01604143,209203000,281.6571429,120.375843,13.2,1648165610,283
36.0160955,209203000,281.15,120.375472,13.2,1648165615,283
36.016168,209203000,280.85,120.374987,13.1,1648165620,283
36.016233,209203000,281.7,120.3745797,13,1648165625,283
36.01628469,209203000,282.0307692,120.3742633,12.97692308,1648165630,283
36.01634315,209203000,281.6846154,120.3739298,12.86153846,1648165635,283
36.01640162,209203000,281.3384615,120.3735964,12.74615385,1648165640,283
36.0164592,209203000,281.74,120.3732482,12.64,1648165645,283
36.0165245,209203000,281.15,120.372859,12.6,1648165650,283
36.01659067,209203000,280.6333333,120.3724747,12.53333333,1648165655,283
36.01664633,209203000,281.3333333,120.37214,12.38333333,1648165660,283
36.016688,209203000,280.5,120.37185,12.3,1648165665,283
36.01675217,209203000,279.5,120.3714525,12.13333333,1648165670,283
36.016803,209203000,281.3666667,120.3711443,11.96666667,1648165675,283
36.0168525,209203000,281.75,120.3708285,11.8,1648165680,283
36.01690557,209203000,280.5285714,120.3704959,11.7,1648165685,283
36.016962,209203000,279.1,120.370168,11.7,1648165690,283
36.01701,209203000,282.2,120.369843,11.5,1648165695,283
36.01707083,209203000,280.2,120.3694713,11.41666667,1648165700,283
36.01711433,209203000,281.3333333,120.369187,11.33333333,1648165705,283
36.0171585,209203000,281.15,120.3688945,11.25,1648165710,283
36.01720357,209203000,280.0571429,120.3686016,11.17142857,1648165715,283
36.017245,209203000,279.7,120.368338,11.1,1648165720,283
36.017297,209203000,281.7,120.367972,10.9,1648165725,283
36.01734343,209203000,280.4142857,120.3676691,10.82857143,1648165730,283
36.0173926,209203000,281.22,120.3673344,10.68,1648165735,283
36.01744,209203000,281,120.367015,10.6,1648165740,283
36.01748271,209203000,280.5,120.3667386,10.51428571,1648165745,283
36.017522,209203000,282,120.36649,10.3,1648165750,283
36.017573,209203000,279.2,120.366142,10.2,1648165755,284
36.01761943,209203000,281.4142857,120.3658941,10.12857143,1648165760,283.2857143
36.0176722,209203000,281.64,120.3655868,10.04,1648165765,283.6
36.0177232,209203000,281.44,120.365313,9.94,1648165770,283.4
36.01777033,209203000,280.5333333,120.3650542,9.883333333,1648165775,283
36.017822,209203000,284.7,120.364775,9.8,1648165780,283
36.017863,209203000,279.3,120.364503,9.7,1648165785,283
36.01791717,209203000,279.55,120.3641938,9.533333333,1648165790,283
36.01794933,209203000,281.8666667,120.363954,9.5,1648165795,283
36.017981,209203000,280.5,120.3637365,9.5,1648165800,283
36.01802429,209203000,278.5428571,120.363415,9.442857143,1648165805,283
36.01806,209203000,280.9,120.363195,9.3,1648165810,283
36.018093,209203000,281.1,120.362933,9.2,1648165815,284
36.01813871,209203000,279.5285714,120.3626737,9.128571429,1648165820,284
36.01818367,209203000,278.9666667,120.3624023,9.066666667,1648165825,284
36.01822811,209203000,279.0777778,120.3621229,9.011111111,1648165830,284
36.0182642,209203000,278.86,120.3618902,8.92,1648165835,284
36.0182982,209203000,278.56,120.3616692,8.82,1648165840,284
36.01833518,209203000,280.5,120.3614305,8.763636364,1648165845,283.6363636
36.01837291,209203000,283,120.3611873,8.718181818,1648165850,283.1818182
36.01841118,209203000,283.5090909,120.3609585,8.645454545,1648165855,283
36.01844982,209203000,282.6909091,120.3607395,8.554545455,1648165860,283
36.01849225,209203000,282.15,120.3605005,8.475,1648165865,283
36.01854038,209203000,282.025,120.3602318,8.4125,1648165870,283
36.01858018,209203000,281.4545455,120.3600071,8.327272727,1648165875,283
36.01861791,209203000,280.7727273,120.3597935,8.236363636,1648165880,283
36.01866033,209203000,280.2333333,120.359541,8.2,1648165885,283
36.01870589,209203000,279.7888889,120.3592627,8.2,1648165890,283
36.018745,209203000,279.94,120.359025,8.12,1648165895,283
36.0187825,209203000,280.24,120.3587975,8.02,1648165900,283
36.01881909,209203000,280.4090909,120.3585887,7.963636364,1648165905,283
36.01885545,209203000,280.5454545,120.3583846,7.918181818,1648165910,283
36.0188925,209203000,281.26,120.3581602,7.87,1648165915,283.3
36.01893,209203000,282.36,120.3579222,7.82,1648165920,283.8
36.0189705,209203000,282.6125,120.357683,7.7625,1648165925,283.625
36.019013,209203000,282.3,120.357443,7.7,1648165930,283
36.01904891,209203000,283.6636364,120.3572507,7.609090909,1648165935,283
36.01908482,209203000,285.0272727,120.3570585,7.518181818,1648165940,283
36.01911927,209203000,284.2454545,120.356868,7.463636364,1648165945,283
36.01915336,209203000,282.9272727,120.356678,7.418181818,1648165950,283
36.01919533,209203000,282.0333333,120.3564697,7.366666667,1648165955,283
36.01924256,209203000,281.4222222,120.3562491,7.311111111,1648165960,283
36.019284,209203000,282.8272727,120.3560395,7.3,1648165965,283.3636364
36.019324,209203000,284.7363636,120.3558327,7.3,1648165970,283.8181818
36.01935964,209203000,285.7727273,120.3556423,7.272727273,1648165975,284
36.01939236,209203000,286.2272727,120.3554627,7.227272727,1648165980,284
36.0194265,209203000,287.025,120.3552675,7.175,1648165985,284
36.01946275,209203000,288.3375,120.3550488,7.1125,1648165990,284
36.01949727,209203000,286.4181818,120.3548548,7.063636364,1648165995,284
36.01953136,209203000,283.6909091,120.3546671,7.018181818,1648166000,284
36.019565,209203000,282.8333333,120.354479,6.966666667,1648166005,284
36.01959833,209203000,283.2222222,120.3542907,6.911111111,1648166010,284
36.019633,209203000,283.38,120.3541038,6.86,1648166015,283.6
36.019668,209203000,283.48,120.3539173,6.81,1648166020,283.1
36.01970591,209203000,283.0272727,120.353728,6.763636364,1648166025,283
36.01974455,209203000,282.4363636,120.353538,6.718181818,1648166030,283
36.0197849,209203000,281.03,120.3533375,6.67,1648166035,283
36.0198264,209203000,279.08,120.35313,6.62,1648166040,283
36.019863,209203000,278.8333333,120.3529373,6.6,1648166045,283
36.01989633,209203000,279.7222222,120.3527546,6.6,1648166050,283
36.0199258,209203000,278.46,120.3525748,6.56,1648166055,283
36.0199543,209203000,276.66,120.3523958,6.51,1648166060,283
36.01998255,209203000,277.8272727,120.3522273,6.536363636,1648166065,283
36.02001073,209203000,279.7363636,120.3520614,6.581818182,1648166070,283
36.0200415,209203000,280.5,120.3518864,6.48,1648166075,283
36.020074,209203000,280.5,120.3517054,6.28,1648166080,283
36.0201044,209203000,280.5,120.3515271,6.26,1648166085,283.3
36.0201334,209203000,280.5,120.3513506,6.36,1648166090,283.8
36.020166,209203000,280.3,120.35115,6.433333333,1648166095,284
36.020201,209203000,279.9666667,120.3509333,6.488888889,1648166100,284
36.0202288,209203000,280.58,120.350776,6.46,1648166105,283.6
36.0202548,209203000,281.43,120.3506335,6.41,1648166110,283.1
36.02028473,209203000,280.9454545,120.3504625,6.4,1648166115,283
36.02031564,209203000,280.1272727,120.3502843,6.4,1648166120,283
36.02034837,209203000,280.4789474,120.3501056,6.415789474,1648166125,283
36.02038232,209203000,281.6105263,120.3499267,6.442105263,1648166130,283
36.02041626,209203000,282.7421053,120.3497477,6.468421053,1648166135,283
36.02045021,209203000,283.8736842,120.3495688,6.494736842,1648166140,283
36.02048427,209203000,283.3727273,120.3493883,6.5,1648166145,283
36.02051836,209203000,282.4636364,120.3492074,6.5,1648166150,283
36.02054918,209203000,281.3909091,120.349036,6.5,1648166155,283
36.02057782,209203000,280.2090909,120.348871,6.5,1648166160,283
36.02060925,209203000,280.025,120.3486903,6.5,1648166165,283
36.02064488,209203000,281.3375,120.3484859,6.5,1648166170,283
36.020679,209203000,282.08,120.3482924,6.5,1648166175,283
36.02071275,209203000,282.68,120.3481017,6.5,1648166180,283
36.0207465,209203000,283.28,120.3479109,6.5,1648166185,283
36.02078025,209203000,283.88,120.3477202,6.5,1648166190,283
36.02081173,209203000,283.1272727,120.3475511,6.5,1648166195,283
36.02084264,209203000,282.0363636,120.3473875,6.5,1648166200,283
36.0208769,209203000,281.48,120.347214,6.53,1648166205,282.7
36.0209134,209203000,281.28,120.347034,6.58,1648166210,282.2
36.0209496,209203000,281.86,120.3468513,6.57,1648166215,282
36.0209856,209203000,282.96,120.3466668,6.52,1648166220,282
36.02102333,209203000,283.1333333,120.346471,6.533333333,1648166225,282
36.02106222,209203000,282.6888889,120.3462677,6.588888889,1648166230,282
36.0210972,209203000,283.68,120.3460814,6.6,1648166235,282
